SampleID	SequenceName	BarcodeSequence	LinkerPrimerSequence	BarcodeNumber	IlluminaRun	Study	SampleType	Site	ZE.1	ZE.2	ZE.avg.Bd	Bd_Real	SiteName	TTX_Hypothesized	TTX_Real	Bd_Presence	Sex	Mass_g	SVL_mm	TL_mm	Predicted whole newt TTX (mg)	Notes	Qubit [ ] ng/uL	Vol. of sample (ul; based on 200ng total DNA)	Description
#q2:types	character	character	character	numerical	character	character	Categorical	Categorical	numerical	numerical	numerical	Categorical	Categorical	Categorical	Categorical	Categorical	Categorical	numerical	numerical	numerical	numerical	character	numerical	numerical	character
LSSP-01	IL515rcbc0	AGCCTTCGTCGC	GTGYCAGCMGCCGCGGTAA	0	WalkeJW23C	TJALH_TTX	Swab	LSSP	0	0	0	Negative	LSSP	Low	Low	0	M	11	72.1	155.3	0.119		34.2	5.847953216	WalkeJW23C_TJALH_TTX_LSSP-01
GRP-23	IL515rcbc1	TCCATACCGGAA	GTGYCAGCMGCCGCGGTAA	1	WalkeJW23C	TJALH_TTX	Swab	GRP	490	1140	813	Positive	GRP	High	High	1	F	17	87	189.2	5.303		54	3.703703704	WalkeJW23C_TJALH_TTX_GRP-23
SLNF-08	IL515rcbc2	AGCCCTGCTACA	GTGYCAGCMGCCGCGGTAA	2	WalkeJW23C	TJALH_TTX	Swab	SLNF	0	0	0	Negative	SLNF	Low	Low	0	M	14	78.7	142.1	0.11	Short tail (regrowing)	27.4	7.299270073	WalkeJW23C_TJALH_TTX_SLNF-08
WBC-01	IL515rcbc3	CCTAACGGTCCA	GTGYCAGCMGCCGCGGTAA	3	WalkeJW23C	TJALH_TTX	Swab	WBC	0	0	0	Negative	WBC	Low	Low	0	M	18	79	176.8	0.063		46.2	4.329004329	WalkeJW23C_TJALH_TTX_WBC-01
FCSP-02	IL515rcbc4	CGCGCCTTAAAC	GTGYCAGCMGCCGCGGTAA	4	WalkeJW23C	TJALH_TTX	Swab	FSCP	0	0	0	Negative	FCSP	High	Low	0	M	19	84	194.3	0.117		27.3	7.326007326	WalkeJW23C_TJALH_TTX_FCSP-02
GRP-01	IL515rcbc5	TATGGTACCCAG	GTGYCAGCMGCCGCGGTAA	5	WalkeJW23C	TJALH_TTX	Swab	GRP	0	0	0	Negative	GRP	High	High	0	F	14	75.8	173.2	1.656		44	4.545454545	WalkeJW23C_TJALH_TTX_GRP-01
TMC-08	IL515rcbc6	TACAATATCTGT	GTGYCAGCMGCCGCGGTAA	6	WalkeJW23C	TJALH_TTX	Swab	TMC	749	366	557	Positive	TMC	High	Low	1	M	20	83.9	189.3	0.548		55	3.636363636	WalkeJW23C_TJALH_TTX_TMC-08
GRP-10	IL515rcbc7	AATTTAGGTAGG	GTGYCAGCMGCCGCGGTAA	7	WalkeJW23C	TJALH_TTX	Swab	GRP	1930	1830	1880	Positive	GRP	High	High	1	M	18	85	181.6	6.689		23.5	8.510638298	WalkeJW23C_TJALH_TTX_GRP-10
WBC-25	IL515rcbc8	GACTCAACCAGT	GTGYCAGCMGCCGCGGTAA	8	WalkeJW23C	TJALH_TTX	Swab	WBC	0	0	0	Negative	WBC	Low	Low	0	F	14	73.6	166	0.322		42.7	4.683840749	WalkeJW23C_TJALH_TTX_WBC-25
WBC-07	IL515rcbc9	GCCTCTACGTCG	GTGYCAGCMGCCGCGGTAA	9	WalkeJW23C	TJALH_TTX	Swab	WBC	0	0	0	Negative	WBC	Low	Low	0	M	14	70.8	146.7	0.203		36.3	5.509641873	WalkeJW23C_TJALH_TTX_WBC-07
LSSP-06	IL515rcbc10	ACTACTGAGGAT	GTGYCAGCMGCCGCGGTAA	10	WalkeJW23C	TJALH_TTX	Swab	LSSP	0	0	0	Negative	LSSP	Low	Low	0	F	12	73	178.1	0.158		11.2	17.85714286	WalkeJW23C_TJALH_TTX_LSSP-06
TMC-11	IL515rcbc11	AATTCACCTCCT	GTGYCAGCMGCCGCGGTAA	11	WalkeJW23C	TJALH_TTX	Swab	TMC	0	0	0	Negative	TMC	High	High	0	M	18	77.7	167.7	5.59	Lethargic prior to the MS-222 anesthetization	15.1	13.24503311	WalkeJW23C_TJALH_TTX_TMC-11
GRP-03	IL515rcbc12	CGTATAAATGCG	GTGYCAGCMGCCGCGGTAA	12	WalkeJW23C	TJALH_TTX	Swab	GRP	0	0	0	Negative	GRP	High	High	0	M	13	75	169.2	2.283		54	3.703703704	WalkeJW23C_TJALH_TTX_GRP-03
SLNF-01	IL515rcbc14	ACTCGCTCGCTG	GTGYCAGCMGCCGCGGTAA	14	WalkeJW23C	TJALH_TTX	Swab	SLNF	14100	20700	17400	Positive	SLNF	Low	Low	1	M	8	68	145.8	0.583		23.5	8.510638298	WalkeJW23C_TJALH_TTX_SLNF-01
GRP-21	IL515rcbc15	TTCCTTAGTAGT	GTGYCAGCMGCCGCGGTAA	15	WalkeJW23C	TJALH_TTX	Swab	GRP	0	0	0	Negative	GRP	High	High	0	M	20	84	196.1	6.555		60	3.333333333	WalkeJW23C_TJALH_TTX_GRP-21
WBC-22	IL515rcbc16	CGTCCGTATGAA	GTGYCAGCMGCCGCGGTAA	16	WalkeJW23C	TJALH_TTX	Swab	WBC	417	486	451	Positive	WBC	Low	Low	1	M	20	83.8	183.6	0.257		27.2	7.352941176	WalkeJW23C_TJALH_TTX_WBC-22
GRP-05	IL515rcbc17	ACGTGAGGAACG	GTGYCAGCMGCCGCGGTAA	17	WalkeJW23C	TJALH_TTX	Swab	GRP	954	1330	1140	Positive	GRP	High	High	1	M	16	77.3	166.6	4.328		40.8	4.901960784	WalkeJW23C_TJALH_TTX_GRP-05
TMC-10	IL515rcbc18	GGTTGCCCTGTA	GTGYCAGCMGCCGCGGTAA	18	WalkeJW23C	TJALH_TTX	Swab	TMC	0	0	0	Negative	TMC	High	High	0	M	15	79.8	169.6	4.583		40	5	WalkeJW23C_TJALH_TTX_TMC-10
GRP-07	IL515rcbc19	CATATAGCCCGA	GTGYCAGCMGCCGCGGTAA	19	WalkeJW23C	TJALH_TTX	Swab	GRP	399	399	399	Positive	GRP	High	High	1	F	17	79.6	183.6	4.871	Shedding Skin	52	3.846153846	WalkeJW23C_TJALH_TTX_GRP-07
FCSP-07	IL515rcbc20	GCCTATGAGATC	GTGYCAGCMGCCGCGGTAA	20	WalkeJW23C	TJALH_TTX	Swab	FSCP	0	0	0	Negative	FCSP	High	Low	0	M	15	68	158.2	0.136	Odd black circular	41.3	4.842615012	WalkeJW23C_TJALH_TTX_FCSP-07
SLNF-05	IL515rcbc21	CAAGTGAAGGGA	GTGYCAGCMGCCGCGGTAA	21	WalkeJW23C	TJALH_TTX	Swab	SLNF	0	0	0	Negative	SLNF	Low	Low	0	F	8	68.2	139.3	0.255		49.8	4.016064257	WalkeJW23C_TJALH_TTX_SLNF-05
WBC-24	IL515rcbc22	CACGTTTATTCC	GTGYCAGCMGCCGCGGTAA	22	WalkeJW23C	TJALH_TTX	Swab	WBC	1240	1400	1320	Positive	WBC	Low	Low	1	M	12	75.2	156.2	0.256		46.7	4.282655246	WalkeJW23C_TJALH_TTX_WBC-24
LSSP-02	IL515rcbc23	TAATCGGTGCCA	GTGYCAGCMGCCGCGGTAA	23	WalkeJW23C	TJALH_TTX	Swab	LSSP	0	0	0	Negative	LSSP	Low	Low	0	F	15	80.3	170.7	0.598	Shedding skin	14	14.28571429	WalkeJW23C_TJALH_TTX_LSSP-02
GRP-04	IL515rcbc24	TGACTAATGGCC	GTGYCAGCMGCCGCGGTAA	24	WalkeJW23C	TJALH_TTX	Swab	GRP	0	0	0	Negative	GRP	High	High	0	M	15	81.7	182.9	4.764		52	3.846153846	WalkeJW23C_TJALH_TTX_GRP-04
TMC-01	IL515rcbc25	CGGGACACCCGA	GTGYCAGCMGCCGCGGTAA	25	WalkeJW23C	TJALH_TTX	Swab	TMC	0	0	0	Negative	TMC	High	Low	0	F	11	67	137.4	0.825		41.9	4.77326969	WalkeJW23C_TJALH_TTX_TMC-01
LSSP-07	IL515rcbc26	CTGTCTATACTA	GTGYCAGCMGCCGCGGTAA	26	WalkeJW23C	TJALH_TTX	Swab	LSSP	0	0	0	Negative	LSSP	Low	Low	0	M	14	79.2	162.3	0.185		48.1	4.158004158	WalkeJW23C_TJALH_TTX_LSSP-07
SLNF-02	IL515rcbc27	TATGCCAGAGAT	GTGYCAGCMGCCGCGGTAA	27	WalkeJW23C	TJALH_TTX	Swab	SLNF	1550	1860	1700	Positive	SLNF	Low	Low	1	F	10	69.2	144	0.359	Potent smell and more than usual foam	34.8	5.747126437	WalkeJW23C_TJALH_TTX_SLNF-02
WBC-10	IL515rcbc28	CGTTTGGAATGA	GTGYCAGCMGCCGCGGTAA	28	WalkeJW23C	TJALH_TTX	Swab	WBC	440	838	639	Positive	WBC	Low	Low	1	M	20	89.6	194.8	0.412		57	3.50877193	WalkeJW23C_TJALH_TTX_WBC-10
GRP-12	IL515rcbc29	AAGAACTCATGA	GTGYCAGCMGCCGCGGTAA	29	WalkeJW23C	TJALH_TTX	Swab	GRP	260	275	268	Positive	GRP	High	High	1	M	16	74.4	155	4.123		58	3.448275862	WalkeJW23C_TJALH_TTX_GRP-12
FCSP-08	IL515rcbc30	TGATATCGTCTT	GTGYCAGCMGCCGCGGTAA	30	WalkeJW23C	TJALH_TTX	Swab	FSCP	0	0	0	Negative	FCSP	High	Low	0	F	15	73.8	153.2	0.097		59	3.389830508	WalkeJW23C_TJALH_TTX_FCSP-08
WBC-16	IL515rcbc31	CGGTGACCTACT	GTGYCAGCMGCCGCGGTAA	31	WalkeJW23C	TJALH_TTX	Swab	WBC	573	831	702	Positive	WBC	Low	Low	1	M	24	86.1	170.9	0.562		55	3.636363636	WalkeJW23C_TJALH_TTX_WBC-16
WBC-21	IL515rcbc32	AATGCGCGTATA	GTGYCAGCMGCCGCGGTAA	32	WalkeJW23C	TJALH_TTX	Swab	WBC	0	0	0	Negative	WBC	Low	Low	0	M	20	80	180.4	0.345		31.1	6.430868167	WalkeJW23C_TJALH_TTX_WBC-21
GRP-06	IL515rcbc33	CTTGATTCTTGA	GTGYCAGCMGCCGCGGTAA	33	WalkeJW23C	TJALH_TTX	Swab	GRP	0	0	0	Negative	GRP	High	High	0	M	14	74.3	154.3	5.355		44.7	4.474272931	WalkeJW23C_TJALH_TTX_GRP-06
WBC-17	IL515rcbc34	GAAATCTTGAAG	GTGYCAGCMGCCGCGGTAA	34	WalkeJW23C	TJALH_TTX	Swab	WBC	0	0	0	Negative	WBC	Low	Low	0	M	17	80.3	179.6	0.165		38.5	5.194805195	WalkeJW23C_TJALH_TTX_WBC-17
TMC-03	IL515rcbc35	GAGATACAGTTC	GTGYCAGCMGCCGCGGTAA	35	WalkeJW23C	TJALH_TTX	Swab	TMC	0	0	0	Negative	TMC	High	Low	0	M	13	67	151.9	0.497	Odd lesion-like circle on dorsum (see photo); Washed 4 times but was still quite dirty	28.5	7.01754386	WalkeJW23C_TJALH_TTX_TMC-03
WBC-06	IL515rcbc36	GTGGAGTCTCAT	GTGYCAGCMGCCGCGGTAA	36	WalkeJW23C	TJALH_TTX	Swab	WBC	326	477	401	Positive	WBC	Low	Low	1	F	11	66.2	144	0.175		51	3.921568627	WalkeJW23C_TJALH_TTX_WBC-06
WBC-11	IL515rcbc37	ACCTTACACCTT	GTGYCAGCMGCCGCGGTAA	37	WalkeJW23C	TJALH_TTX	Swab	WBC	0	0	0	Negative	WBC	Low	Low	0	M	21	89	183.2	0.492		40.9	4.88997555	WalkeJW23C_TJALH_TTX_WBC-11
GRP-13	IL515rcbc38	TAATCTCGCCGG	GTGYCAGCMGCCGCGGTAA	38	WalkeJW23C	TJALH_TTX	Swab	GRP	0	0	0	Negative	GRP	High	High	0	M	11	79.3	167.1	4.055		43.3	4.618937644	WalkeJW23C_TJALH_TTX_GRP-13
GRP-15	IL515rcbc39	ATCTAGTGGCAA	GTGYCAGCMGCCGCGGTAA	39	WalkeJW23C	TJALH_TTX	Swab	GRP	656	617	636	Positive	GRP	High	High	1	M	15	76	172.1	5.289		57	3.50877193	WalkeJW23C_TJALH_TTX_GRP-15
WBC-05	IL515rcbc40	ACGCTTAACGAC	GTGYCAGCMGCCGCGGTAA	40	WalkeJW23C	TJALH_TTX	Swab	WBC	0	0	0	Negative	WBC	Low	Low	0	M	17	79.1	188.1	0.32		59	3.389830508	WalkeJW23C_TJALH_TTX_WBC-05
GRP-11	IL515rcbc41	TACGGATTATGG	GTGYCAGCMGCCGCGGTAA	41	WalkeJW23C	TJALH_TTX	Swab	GRP	0	0	0	Negative	GRP	High	High	0	M	17	79.4	181.1	4.623		31.5	6.349206349	WalkeJW23C_TJALH_TTX_GRP-11
TMC-09	IL515rcbc42	ATACATGCAAGA	GTGYCAGCMGCCGCGGTAA	42	WalkeJW23C	TJALH_TTX	Swab	TMC	571	1210	891	Positive	TMC	High	High	1	M	13	79.2	167.9	3.926		30	6.666666667	WalkeJW23C_TJALH_TTX_TMC-09
GRP-18	IL515rcbc43	CTTAGTGCAGAA	GTGYCAGCMGCCGCGGTAA	43	WalkeJW23C	TJALH_TTX	Swab	GRP	0	0	0	Negative	GRP	High	High	0	M	14	76.9	161.7	4.117		28.9	6.920415225	WalkeJW23C_TJALH_TTX_GRP-18
GRP-22	IL515rcbc44	AATCTTGCGCCG	GTGYCAGCMGCCGCGGTAA	44	WalkeJW23C	TJALH_TTX	Swab	GRP	1720	2280	2000	Positive	GRP	High	High	1	M	17	81.7	173	5.878		31.7	6.309148265	WalkeJW23C_TJALH_TTX_GRP-22
WBC-03	IL515rcbc45	AGGATCAGGGAA	GTGYCAGCMGCCGCGGTAA	45	WalkeJW23C	TJALH_TTX	Swab	WBC	1560	1390	1470	Positive	WBC	Low	Low	1	F	14	69.4	141.9	0.133		49.1	4.073319756	WalkeJW23C_TJALH_TTX_WBC-03
SLNF-06	IL515rcbc46	AATAACTAGGGT	GTGYCAGCMGCCGCGGTAA	46	WalkeJW23C	TJALH_TTX	Swab	SLNF	350	1220	785	Positive	SLNF	Low	Low	1	M	12	78	175.1	0.307		40.4	4.95049505	WalkeJW23C_TJALH_TTX_SLNF-06
LSSP-03	IL515rcbc47	TATTGCAGCAGC	GTGYCAGCMGCCGCGGTAA	47	WalkeJW23C	TJALH_TTX	Swab	LSSP	0	0	0	Negative	LSSP	Low	Low	0	M	14	77.2	164.8	0.6		51	3.921568627	WalkeJW23C_TJALH_TTX_LSSP-03
WBC-02	IL515rcbc48	TGATGTGCTAAG	GTGYCAGCMGCCGCGGTAA	48	WalkeJW23C	TJALH_TTX	Swab	WBC	0	0	0	Negative	WBC	Low	Low	0	F	12	73.1	168.2	0.249	Parasite under skin where biopsied?	49	4.081632653	WalkeJW23C_TJALH_TTX_WBC-02
FCSP-01	IL515rcbc49	GTAGTAGACCAT	GTGYCAGCMGCCGCGGTAA	49	WalkeJW23C	TJALH_TTX	Swab	FSCP	0	0	0	Negative	FCSP	High	Low	0	M	21	86.7	194.4	0.089	Pooped in mucosome bath	32.3	6.191950464	WalkeJW23C_TJALH_TTX_FCSP-01
LSSP-09	IL515rcbc50	AGTAAAGATCGT	GTGYCAGCMGCCGCGGTAA	50	WalkeJW23C	TJALH_TTX	Swab	LSSP	0	0	0	Negative	LSSP	Low	Low	0	F	11	70.7	147	0.158	Odd speckling (took photo)	45.9	4.357298475	WalkeJW23C_TJALH_TTX_LSSP-09
SLNF-10	IL515rcbc51	CTCGCCCTCGCC	GTGYCAGCMGCCGCGGTAA	51	WalkeJW23C	TJALH_TTX	Swab	SLNF	0	0	0	Negative	SLNF	Low	Low	0	F	11	77.8	159	0.622	Odd speckling on left side of ventrum near left hindlmb (see photo)	33.4	5.988023952	WalkeJW23C_TJALH_TTX_SLNF-10
GRP-24	IL515rcbc52	TCTCTTTCGACA	GTGYCAGCMGCCGCGGTAA	52	WalkeJW23C	TJALH_TTX	Swab	GRP	4090	4260	4180	Positive	GRP	High	High	1	M	15	78.7	172.6	5.17		33.8	5.917159763	WalkeJW23C_TJALH_TTX_GRP-24
TMC-04	IL515rcbc53	ACATACTGAGCA	GTGYCAGCMGCCGCGGTAA	53	WalkeJW23C	TJALH_TTX	Swab	TMC	281	273	277	Positive	TMC	High	Low	1	M	12	76.9	167.3	0.375		47.4	4.219409283	WalkeJW23C_TJALH_TTX_TMC-04
WBC-14	IL515rcbc54	GTTGATACGATG	GTGYCAGCMGCCGCGGTAA	54	WalkeJW23C	TJALH_TTX	Swab	WBC	1020	568	793	Positive	WBC	Low	Low	1	F	14	75.9	149.2	0.255		51	3.921568627	WalkeJW23C_TJALH_TTX_WBC-14
WBC-18	IL515rcbc55	GTCAACGCTGTC	GTGYCAGCMGCCGCGGTAA	55	WalkeJW23C	TJALH_TTX	Swab	WBC	724	1310	1020	Positive	WBC	Low	Low	1	M	22	84.4	192.6	0.918		36.3	5.509641873	WalkeJW23C_TJALH_TTX_WBC-18
GRP-20	IL515rcbc56	TGAGACCCTACA	GTGYCAGCMGCCGCGGTAA	56	WalkeJW23C	TJALH_TTX	Swab	GRP	0	0	0	Negative	GRP	High	High	0	F	12	72.1	145.6	4.064		40.6	4.926108374	WalkeJW23C_TJALH_TTX_GRP-20
GRP-09	IL515rcbc57	ACTTGGTGTAAG	GTGYCAGCMGCCGCGGTAA	57	WalkeJW23C	TJALH_TTX	Swab	GRP	1120	1100	1110	Positive	GRP	High	High	1	M	15	78.2	181.2	5.329		33.4	5.988023952	WalkeJW23C_TJALH_TTX_GRP-09
WBC-19	IL515rcbc58	ATTACGTATCAT	GTGYCAGCMGCCGCGGTAA	58	WalkeJW23C	TJALH_TTX	Swab	WBC	777	1480	1130	Positive	WBC	Low	High	1	M	21	86.8	171.9	1.719		12.5	16	WalkeJW23C_TJALH_TTX_WBC-19
GRP-17	IL515rcbc59	CACGCAGTCTAC	GTGYCAGCMGCCGCGGTAA	59	WalkeJW23C	TJALH_TTX	Swab	GRP	2960	3420	3190	Positive	GRP	High	High	1	M	19	82.9	130.6	5.271	Short tail (regrowing)	51	3.921568627	WalkeJW23C_TJALH_TTX_GRP-17
FCSP-03	IL515rcbc60	TGTGCACGCCAT	GTGYCAGCMGCCGCGGTAA	60	WalkeJW23C	TJALH_TTX	Swab	FSCP	0	0	0	Negative	FCSP	High	Low	0	M	14	75.1	168.7	0.061		51	3.921568627	WalkeJW23C_TJALH_TTX_FCSP-03
LSSP-05	IL515rcbc61	CCGGACAAGAAG	GTGYCAGCMGCCGCGGTAA	61	WalkeJW23C	TJALH_TTX	Swab	LSSP	0	0	0	Negative	LSSP	Low	Low	0	M	17	82.8	183.6	0.203		58	3.448275862	WalkeJW23C_TJALH_TTX_LSSP-05
WBC-15	IL515rcbc62	TTGCTGGACGCT	GTGYCAGCMGCCGCGGTAA	62	WalkeJW23C	TJALH_TTX	Swab	WBC	520	1180	850	Positive	WBC	Low	High	1	M	18	78.6	181.8	1.484		31.7	6.309148265	WalkeJW23C_TJALH_TTX_WBC-15
SLNF-03	IL515rcbc63	TACTAACGCGGT	GTGYCAGCMGCCGCGGTAA	63	WalkeJW23C	TJALH_TTX	Swab	SLNF	0	0	0	Negative	SLNF	Low	Low	0	M	19	79	185.2	0.284	Dropped most of first mucosome bath; Potent smell and more than usual foam	32.6	6.134969325	WalkeJW23C_TJALH_TTX_SLNF-03
TMC-07	IL515rcbc64	GCGATCACACCT	GTGYCAGCMGCCGCGGTAA	64	WalkeJW23C	TJALH_TTX	Swab	TMC	0	0	0	Negative	TMC	High	Low	0	M	14	75.3	163.7	0.503		39.2	5.102040816	WalkeJW23C_TJALH_TTX_TMC-07
GRP-08	IL515rcbc65	CAAACGCACTAA	GTGYCAGCMGCCGCGGTAA	65	WalkeJW23C	TJALH_TTX	Swab	GRP	5590	4450	5020	Positive	GRP	High	High	1	F	15	78.4	179	5.694		41.5	4.819277108	WalkeJW23C_TJALH_TTX_GRP-08
GRP-14	IL515rcbc66	GAAGAGGGTTGA	GTGYCAGCMGCCGCGGTAA	66	WalkeJW23C	TJALH_TTX	Swab	GRP	1190	1010	1100	Positive	GRP	High	High	1	M	16	82.2	193.4	5.591		45.9	4.357298475	WalkeJW23C_TJALH_TTX_GRP-14
TMC-05	IL515rcbc68	TTACACAAAGGC	GTGYCAGCMGCCGCGGTAA	68	WalkeJW23C	TJALH_TTX	Swab	TMC	0	0	0	Negative	TMC	High	High	0	M	16	80.9	168.9	4.237		42.9	4.662004662	WalkeJW23C_TJALH_TTX_TMC-05
GRP-19	IL515rcbc69	ACGACGCATTTG	GTGYCAGCMGCCGCGGTAA	69	WalkeJW23C	TJALH_TTX	Swab	GRP	0	0	0	Negative	GRP	High	High	0	M	22	87.3	172.9	6.718		32.4	6.172839506	WalkeJW23C_TJALH_TTX_GRP-19
FCSP-09	IL515rcbc70	TATCCAAGCGCA	GTGYCAGCMGCCGCGGTAA	70	WalkeJW23C	TJALH_TTX	Swab	FSCP	0	0	0	Negative	FCSP	High	Low	0	M	15	75	166.1	0.187		38.9	5.141388175	WalkeJW23C_TJALH_TTX_FCSP-09
WBC-04	IL515rcbc71	AGAGCCAAGAGC	GTGYCAGCMGCCGCGGTAA	71	WalkeJW23C	TJALH_TTX	Swab	WBC	493	292	393	Positive	WBC	Low	Low	1	F	14	72.1	156.3	0.071		35.5	5.633802817	WalkeJW23C_TJALH_TTX_WBC-04
LSSP-04	IL515rcbc72	GGTGAGCAAGCA	GTGYCAGCMGCCGCGGTAA	72	WalkeJW23C	TJALH_TTX	Swab	LSSP	0	0	0	Negative	LSSP	Low	Low	0	M	16	77.4	167	0.34	Odd speckling (took photo)	48.6	4.115226337	WalkeJW23C_TJALH_TTX_LSSP-04
WBC-08	IL515rcbc73	TAAATATACCCT	GTGYCAGCMGCCGCGGTAA	73	WalkeJW23C	TJALH_TTX	Swab	WBC	720	1090	906	Positive	WBC	Low	Low	1	M	13	71.3	148.4	0.131	Shedding skin	46.7	4.282655246	WalkeJW23C_TJALH_TTX_WBC-08
FCSP-06	IL515rcbc74	TTGCGGACCCTA	GTGYCAGCMGCCGCGGTAA	74	WalkeJW23C	TJALH_TTX	Swab	FSCP	0	0	0	Negative	FCSP	High	Low	0	M	19	78.3	169.4	0.355		51	3.921568627	WalkeJW23C_TJALH_TTX_FCSP-06
WBC-23	IL515rcbc75	GTCGTCCAAATG	GTGYCAGCMGCCGCGGTAA	75	WalkeJW23C	TJALH_TTX	Swab	WBC	0	0	0	Negative	WBC	Low	Low	0	F	19	80.1	185.6	0.274		24.3	8.230452675	WalkeJW23C_TJALH_TTX_WBC-23
TMC-02	IL515rcbc76	TGCACAGTCGCT	GTGYCAGCMGCCGCGGTAA	76	WalkeJW23C	TJALH_TTX	Swab	TMC	0	0	0	Negative	TMC	High	High	0	M	14	69.4	155.8	4.107		29.7	6.734006734	WalkeJW23C_TJALH_TTX_TMC-02
SLNF-09	IL515rcbc77	TTACTGTGGCCG	GTGYCAGCMGCCGCGGTAA	77	WalkeJW23C	TJALH_TTX	Swab	SLNF	668	962	815	Positive	SLNF	Low	High	1	F	7	66.2	134.2	1.124	Used 3mm biopsy punch instead of 5mm due to small size	50	4	WalkeJW23C_TJALH_TTX_SLNF-09
GRP-16	IL515rcbc78	GGTTCATGAACA	GTGYCAGCMGCCGCGGTAA	78	WalkeJW23C	TJALH_TTX	Swab	GRP	3730	5280	4500	Positive	GRP	High	High	1	M	12	72.9	138.2	3.698	Short tail (regrowing)	33.6	5.952380952	WalkeJW23C_TJALH_TTX_GRP-16
GRP-02	IL515rcbc79	TAACAATAATTC	GTGYCAGCMGCCGCGGTAA	79	WalkeJW23C	TJALH_TTX	Swab	GRP	0	0	0	Negative	GRP	High	High	0	M	17	77.8	178.6	6.245		41.4	4.830917874	WalkeJW23C_TJALH_TTX_GRP-02
LSSP-10	IL515rcbc80	CTTATTAAACGT	GTGYCAGCMGCCGCGGTAA	80	WalkeJW23C	TJALH_TTX	Swab	LSSP	0	0	0	Negative	LSSP	Low	Low	0	M	12	70	163.2	0.411		22.9	8.733624454	WalkeJW23C_TJALH_TTX_LSSP-10
WBC-20	IL515rcbc81	GCTCGAAGATTC	GTGYCAGCMGCCGCGGTAA	81	WalkeJW23C	TJALH_TTX	Swab	WBC	0	0	0	Negative	WBC	Low	Low	0	M	18	82.9	179.6	0.613		25.5	7.843137255	WalkeJW23C_TJALH_TTX_WBC-20
FCSP-04	IL515rcbc82	TATTTGATTGGT	GTGYCAGCMGCCGCGGTAA	82	WalkeJW23C	TJALH_TTX	Swab	FSCP	0	0	0	Negative	FCSP	High	Low	0	F	16	75.1	152.2	0.198		27.8	7.194244604	WalkeJW23C_TJALH_TTX_FCSP-04
GRP-25	IL515rcbc83	TGTCAAAGTGAC	GTGYCAGCMGCCGCGGTAA	83	WalkeJW23C	TJALH_TTX	Swab	GRP	625	579	602	Positive	GRP	High	High	1	M	14	77.6	164.3	4.908		30.4	6.578947368	WalkeJW23C_TJALH_TTX_GRP-25
WBC-12	IL515rcbc84	CTATGTATTAGT	GTGYCAGCMGCCGCGGTAA	84	WalkeJW23C	TJALH_TTX	Swab	WBC	596	709	653	Positive	WBC	Low	Low	1	F	15	73.2	145	0.478		53	3.773584906	WalkeJW23C_TJALH_TTX_WBC-12
SLNF-07	IL515rcbc85	ACTCCCGTGTGA	GTGYCAGCMGCCGCGGTAA	85	WalkeJW23C	TJALH_TTX	Swab	SLNF	0	0	0	Negative	SLNF	Low	High	0	F	8	65.6	138.1	1.592	Used 3mm biopsy punch instead of 5mm due to small size	11.6	17.24137931	WalkeJW23C_TJALH_TTX_SLNF-07
TMC-06	IL515rcbc86	CGGTATAGCAAT	GTGYCAGCMGCCGCGGTAA	86	WalkeJW23C	TJALH_TTX	Swab	TMC	2780	3110	2950	Positive	TMC	High	High	1	F	15	81.4	172	4.397		40.3	4.962779156	WalkeJW23C_TJALH_TTX_TMC-06
WBC-13	IL515rcbc88	GTCATGCTCCAG	GTGYCAGCMGCCGCGGTAA	88	WalkeJW23C	TJALH_TTX	Swab	WBC	218	292	255	Positive	WBC	Low	Low	1	F	14	72.8	155.7	0.124		56	3.571428571	WalkeJW23C_TJALH_TTX_WBC-13
LSSP-08	IL515rcbc89	TACCGAAGGTAT	GTGYCAGCMGCCGCGGTAA	89	WalkeJW23C	TJALH_TTX	Swab	LSSP	0	0	0	Negative	LSSP	Low	Low	0	M	17	82.3	178.4	0.217		55	3.636363636	WalkeJW23C_TJALH_TTX_LSSP-08
WBC-09	IL515rcbc94	GTGCCATAATCG	GTGYCAGCMGCCGCGGTAA	94	WalkeJW23C	TJALH_TTX	Swab	WBC	874	1360	1120	Positive	WBC	Low	Low	1	F	16	81.3	170	0.411		51	3.921568627	WalkeJW23C_TJALH_TTX_WBC-09
SLNF-04	IL515rcbc95	ACTCTTACTTAG	GTGYCAGCMGCCGCGGTAA	95	WalkeJW23C	TJALH_TTX	Swab	SLNF	0	0	0	Negative	SLNF	Low	Low	0	F	9	70	135	0.503	defecated in mucosome bath; Odd mass ~34mm anterior to tip of tail. Kink in tail with two bumps/buldges on either side (see photo)	55	3.636363636	WalkeJW23C_TJALH_TTX_SLNF-04
